[
  {
    "id": 1,
    "priority": 1,
    "action": {
      "type": "block"
    },
    "condition": {
      "urlFilter": "phishing.com",
      "resourceTypes": ["main_frame"]
    }
  },
  {
    "id": 2,
    "priority": 1,
    "action": {
      "type": "block"
    },
    "condition": {
      "urlFilter": "scam-site.net",
      "resourceTypes": ["main_frame"]
    }
  },
  {
    "id": 3,
    "priority": 1,
    "action": {
      "type": "block"
    },
    "condition": {
      "urlFilter": "malicious.xyz",
      "resourceTypes": ["main_frame"]
    }
  },
  {
    "id": 4,
    "priority": 1,
    "action": {
      "type": "block"
    },
    "condition": {
      "urlFilter": "fraud-alert.io",
      "resourceTypes": ["main_frame"]
    }
  },
  {
    "id": 5,
    "priority": 1,
    "action": {
      "type": "block"
    },
    "condition": {
      "urlFilter": "fake-login.net",
      "resourceTypes": ["main_frame"]
    }
  },
  {
    "id": 6,
    "priority": 1,
    "action": {
      "type": "block"
    },
    "condition": {
      "urlFilter": "account-verify.biz",
      "resourceTypes": ["main_frame"]
    }
  },
  {
    "id": 7,
    "priority": 1,
    "action": {
      "type": "block"
    },
    "condition": {
      "urlFilter": "steal-passwords.ru",
      "resourceTypes": ["main_frame"]
    }
  },
  {
    "id": 8,
    "priority": 1,
    "action": {
      "type": "block"
    },
    "condition": {
      "urlFilter": "secure-update.click",
      "resourceTypes": ["main_frame"]
    }
  },
  {
    "id": 9,
    "priority": 1,
    "action": {
      "type": "block"
    },
    "condition": {
      "urlFilter": "paypal-alerts.top",
      "resourceTypes": ["main_frame"]
    }
  },
  {
    "id": 10,
    "priority": 1,
    "action": {
      "type": "block"
    },
    "condition": {
      "urlFilter": "bank-login.info",
      "resourceTypes": ["main_frame"]
    }
  },
  {
    "id": 11,
    "priority": 1,
    "action": {
      "type": "block"
    },
    "condition": {
      "urlFilter": "amazon-security.net",
      "resourceTypes": ["main_frame"]
    }
  },
  {
    "id": 12,
    "priority": 1,
    "action": {
      "type": "block"
    },
    "condition": {
      "urlFilter": "apple-id-verify.com",
      "resourceTypes": ["main_frame"]
    }
  },
  {
    "id": 13,
    "priority": 1,
    "action": {
      "type": "block"
    },
    "condition": {
      "urlFilter": "microsoft-support.biz",
      "resourceTypes": ["main_frame"]
    }
  },
  {
    "id": 14,
    "priority": 1,
    "action": {
      "type": "block"
    },
    "condition": {
      "urlFilter": "google-security.org",
      "resourceTypes": ["main_frame"]
    }
  },
  {
    "id": 15,
    "priority": 1,
    "action": {
      "type": "block"
    },
    "condition": {
      "urlFilter": "facebook-login.net",
      "resourceTypes": ["main_frame"]
    }
  },
  {
    "id": 16,
    "priority": 1,
    "action": {
      "type": "block"
    },
    "condition": {
      "urlFilter": "netflix-update.info",
      "resourceTypes": ["main_frame"]
    }
  },
  {
    "id": 17,
    "priority": 1,
    "action": {
      "type": "block"
    },
    "condition": {
      "urlFilter": "paypal-security.org",
      "resourceTypes": ["main_frame"]
    }
  },
  {
    "id": 18,
    "priority": 1,
    "action": {
      "type": "block"
    },
    "condition": {
      "urlFilter": "instagram-verify.com",
      "resourceTypes": ["main_frame"]
    }
  },
  {
    "id": 19,
    "priority": 1,
    "action": {
      "type": "block"
    },
    "condition": {
      "urlFilter": "twitter-security.net",
      "resourceTypes": ["main_frame"]
    }
  },
  {
    "id": 20,
    "priority": 1,
    "action": {
      "type": "block"
    },
    "condition": {
      "urlFilter": "linkedin-update.biz",
      "resourceTypes": ["main_frame"]
    }
  },
  {
    "id": 21,
    "priority": 1,
    "action": {
      "type": "block"
    },
    "condition": {
      "urlFilter": "dropbox-login.org",
      "resourceTypes": ["main_frame"]
    }
  },
  {
    "id": 22,
    "priority": 1,
    "action": {
      "type": "block"
    },
    "condition": {
      "urlFilter": "adobe-security.info",
      "resourceTypes": ["main_frame"]
    }
  },
  {
    "id": 23,
    "priority": 1,
    "action": {
      "type": "block"
    },
    "condition": {
      "urlFilter": "spotify-verify.net",
      "resourceTypes": ["main_frame"]
    }
  },
  {
    "id": 24,
    "priority": 1,
    "action": {
      "type": "block"
    },
    "condition": {
      "urlFilter": "whatsapp-update.com",
      "resourceTypes": ["main_frame"]
    }
  },
  {
    "id": 25,
    "priority": 1,
    "action": {
      "type": "block"
    },
    "condition": {
      "urlFilter": "zoom-security.org",
      "resourceTypes": ["main_frame"]
    }
  },
  {
    "id": 26,
    "priority": 1,
    "action": {
      "type": "block"
    },
    "condition": {
      "urlFilter": "skype-login.biz",
      "resourceTypes": ["main_frame"]
    }
  },
  {
    "id": 27,
    "priority": 1,
    "action": {
      "type": "block"
    },
    "condition": {
      "urlFilter": "discord-verify.net",
      "resourceTypes": ["main_frame"]
    }
  },
  {
    "id": 28,
    "priority": 1,
    "action": {
      "type": "block"
    },
    "condition": {
      "urlFilter": "telegram-security.info",
      "resourceTypes": ["main_frame"]
    }
  },
  {
    "id": 29,
    "priority": 1,
    "action": {
      "type": "block"
    },
    "condition": {
      "urlFilter": "steam-login.org",
      "resourceTypes": ["main_frame"]
    }
  },
  {
    "id": 30,
    "priority": 1,
    "action": {
      "type": "block"
    },
    "condition": {
      "urlFilter": "ebay-security.com",
      "resourceTypes": ["main_frame"]
    }
  },
  {
    "id": 31,
    "priority": 1,
    "action": {
      "type": "block"
    },
    "condition": {
      "urlFilter": "coinbase-verify.net",
      "resourceTypes": ["main_frame"]
    }
  },
  {
    "id": 32,
    "priority": 1,
    "action": {
      "type": "block"
    },
    "condition": {
      "urlFilter": "binance-security.org",
      "resourceTypes": ["main_frame"]
    }
  },
  {
    "id": 33,
    "priority": 1,
    "action": {
      "type": "block"
    },
    "condition": {
      "urlFilter": "github-login.biz",
      "resourceTypes": ["main_frame"]
    }
  },
  {
    "id": 34,
    "priority": 1,
    "action": {
      "type": "block"
    },
    "condition": {
      "urlFilter": "gitlab-security.info",
      "resourceTypes": ["main_frame"]
    }
  },
  {
    "id": 35,
    "priority": 1,
    "action": {
      "type": "block"
    },
    "condition": {
      "urlFilter": "office365-update.net",
      "resourceTypes": ["main_frame"]
    }
  },
  {
    "id": 36,
    "priority": 1,
    "action": {
      "type": "block"
    },
    "condition": {
      "urlFilter": "icloud-verify.com",
      "resourceTypes": ["main_frame"]
    }
  },
  {
    "id": 37,
    "priority": 1,
    "action": {
      "type": "block"
    },
    "condition": {
      "urlFilter": "chase-security.org",
      "resourceTypes": ["main_frame"]
    }
  },
  {
    "id": 38,
    "priority": 1,
    "action": {
      "type": "block"
    },
    "condition": {
      "urlFilter": "wellsfargo-login.biz",
      "resourceTypes": ["main_frame"]
    }
  },
  {
    "id": 39,
    "priority": 1,
    "action": {
      "type": "block"
    },
    "condition": {
      "urlFilter": "bankofamerica-verify.net",
      "resourceTypes": ["main_frame"]
    }
  },
  {
    "id": 40,
    "priority": 1,
    "action": {
      "type": "block"
    },
    "condition": {
      "urlFilter": "citibank-security.info",
      "resourceTypes": ["main_frame"]
    }
  },
  {
    "id": 41,
    "priority": 1,
    "action": {
      "type": "block"
    },
    "condition": {
      "urlFilter": "usbank-update.com",
      "resourceTypes": ["main_frame"]
    }
  },
  {
    "id": 42,
    "priority": 1,
    "action": {
      "type": "block"
    },
    "condition": {
      "urlFilter": "capitalone-login.org",
      "resourceTypes": ["main_frame"]
    }
  },
  {
    "id": 43,
    "priority": 1,
    "action": {
      "type": "block"
    },
    "condition": {
      "urlFilter": "discover-security.net",
      "resourceTypes": ["main_frame"]
    }
  },
  {
    "id": 44,
    "priority": 1,
    "action": {
      "type": "block"
    },
    "condition": {
      "urlFilter": "americanexpress-verify.biz",
      "resourceTypes": ["main_frame"]
    }
  },
  {
    "id": 45,
    "priority": 1,
    "action": {
      "type": "block"
    },
    "condition": {
      "urlFilter": "visa-security.info",
      "resourceTypes": ["main_frame"]
    }
  },
  {
    "id": 46,
    "priority": 1,
    "action": {
      "type": "block"
    },
    "condition": {
      "urlFilter": "mastercard-update.com",
      "resourceTypes": ["main_frame"]
    }
  },
  {
    "id": 47,
    "priority": 1,
    "action": {
      "type": "block"
    },
    "condition": {
      "urlFilter": "dhl-tracking.org",
      "resourceTypes": ["main_frame"]
    }
  },
  {
    "id": 48,
    "priority": 1,
    "action": {
      "type": "block"
    },
    "condition": {
      "urlFilter": "fedex-delivery.net",
      "resourceTypes": ["main_frame"]
    }
  },
  {
    "id": 49,
    "priority": 1,
    "action": {
      "type": "block"
    },
    "condition": {
      "urlFilter": "ups-package.biz",
      "resourceTypes": ["main_frame"]
    }
  },
  {
    "id": 50,
    "priority": 1,
    "action": {
      "type": "block"
    },
    "condition": {
      "urlFilter": "usps-redelivery.info",
      "resourceTypes": ["main_frame"]
    }
  },
  {
    "id": 51,
    "priority": 1,
    "action": {
      "type": "block"
    },
    "condition": {
      "urlFilter": "google-careers-apply.com",
      "resourceTypes": ["main_frame"]
    }
  },
  {
    "id": 52,
    "priority": 1,
    "action": {
      "type": "block"
    },
    "condition": {
      "urlFilter": "microsoft-internship.net",
      "resourceTypes": ["main_frame"]
    }
  },
  {
    "id": 53,
    "priority": 1,
    "action": {
      "type": "block"
    },
    "condition": {
      "urlFilter": "amazon-job-portal.org",
      "resourceTypes": ["main_frame"]
    }
  },
  {
    "id": 54,
    "priority": 1,
    "action": {
      "type": "block"
    },
    "condition": {
      "urlFilter": "apple-career-opportunities.biz",
      "resourceTypes": ["main_frame"]
    }
  },
  {
    "id": 55,
    "priority": 1,
    "action": {
      "type": "block"
    },
    "condition": {
      "urlFilter": "facebook-jobs-hiring.info",
      "resourceTypes": ["main_frame"]
    }
  },
  {
    "id": 56,
    "priority": 1,
    "action": {
      "type": "block"
    },
    "condition": {
      "urlFilter": "tesla-recruitment.net",
      "resourceTypes": ["main_frame"]
    }
  },
  {
    "id": 57,
    "priority": 1,
    "action": {
      "type": "block"
    },
    "condition": {
      "urlFilter": "netflix-hiring-process.com",
      "resourceTypes": ["main_frame"]
    }
  },
  {
    "id": 58,
    "priority": 1,
    "action": {
      "type": "block"
    },
    "condition": {
      "urlFilter": "uber-driver-signup.org",
      "resourceTypes": ["main_frame"]
    }
  },
  {
    "id": 59,
    "priority": 1,
    "action": {
      "type": "block"
    },
    "condition": {
      "urlFilter": "spotify-job-application.biz",
      "resourceTypes": ["main_frame"]
    }
  },
  {
    "id": 60,
    "priority": 1,
    "action": {
      "type": "block"
    },
    "condition": {
      "urlFilter": "airbnb-careers-portal.info",
      "resourceTypes": ["main_frame"]
    }
  },
  {
    "id": 61,
    "priority": 1,
    "action": {
      "type": "block"
    },
    "condition": {
      "urlFilter": "linkedin-premium-jobs.net",
      "resourceTypes": ["main_frame"]
    }
  },
  {
    "id": 62,
    "priority": 1,
    "action": {
      "type": "block"
    },
    "condition": {
      "urlFilter": "indeed-job-alert.com",
      "resourceTypes": ["main_frame"]
    }
  },
  {
    "id": 63,
    "priority": 1,
    "action": {
      "type": "block"
    },
    "condition": {
      "urlFilter": "glassdoor-salary-info.org",
      "resourceTypes": ["main_frame"]
    }
  },
  {
    "id": 64,
    "priority": 1,
    "action": {
      "type": "block"
    },
    "condition": {
      "urlFilter": "monster-job-search.biz",
      "resourceTypes": ["main_frame"]
    }
  },
  {
    "id": 65,
    "priority": 1,
    "action": {
      "type": "block"
    },
    "condition": {
      "urlFilter": "ziprecruiter-apply.info",
      "resourceTypes": ["main_frame"]
    }
  },
  {
    "id": 66,
    "priority": 1,
    "action": {
      "type": "block"
    },
    "condition": {
      "urlFilter": "careerbuilder-resume.net",
      "resourceTypes": ["main_frame"]
    }
  },
  {
    "id": 67,
    "priority": 1,
    "action": {
      "type": "block"
    },
    "condition": {
      "urlFilter": "remote-work-opportunity.com",
      "resourceTypes": ["main_frame"]
    }
  },
  {
    "id": 68,
    "priority": 1,
    "action": {
      "type": "block"
    },
    "condition": {
      "urlFilter": "work-from-home-jobs.org",
      "resourceTypes": ["main_frame"]
    }
  },
  {
    "id": 69,
    "priority": 1,
    "action": {
      "type": "block"
    },
    "condition": {
      "urlFilter": "easy-money-online.biz",
      "resourceTypes": ["main_frame"]
    }
  },
  {
    "id": 70,
    "priority": 1,
    "action": {
      "type": "block"
    },
    "condition": {
      "urlFilter": "part-time-data-entry.info",
      "resourceTypes": ["main_frame"]
    }
  },
  {
    "id": 71,
    "priority": 1,
    "action": {
      "type": "block"
    },
    "condition": {
      "urlFilter": "survey-money-maker.net",
      "resourceTypes": ["main_frame"]
    }
  },
  {
    "id": 72,
    "priority": 1,
    "action": {
      "type": "block"
    },
    "condition": {
      "urlFilter": "freelance-writer-jobs.com",
      "resourceTypes": ["main_frame"]
    }
  },
  {
    "id": 73,
    "priority": 1,
    "action": {
      "type": "block"
    },
    "condition": {
      "urlFilter": "virtual-assistant-hiring.org",
      "resourceTypes": ["main_frame"]
    }
  },
  {
    "id": 74,
    "priority": 1,
    "action": {
      "type": "block"
    },
    "condition": {
      "urlFilter": "customer-service-remote.biz",
      "resourceTypes": ["main_frame"]
    }
  },
  {
    "id": 75,
    "priority": 1,
    "action": {
      "type": "block"
    },
    "condition": {
      "urlFilter": "online-tutoring-jobs.info",
      "resourceTypes": ["main_frame"]
    }
  },
  {
    "id": 76,
    "priority": 1,
    "action": {
      "type": "block"
    },
    "condition": {
      "urlFilter": "social-media-manager.net",
      "resourceTypes": ["main_frame"]
    }
  },
  {
    "id": 77,
    "priority": 1,
    "action": {
      "type": "block"
    },
    "condition": {
      "urlFilter": "content-moderator-job.com",
      "resourceTypes": ["main_frame"]
    }
  },
  {
    "id": 78,
    "priority": 1,
    "action": {
      "type": "block"
    },
    "condition": {
      "urlFilter": "translation-work-online.org",
      "resourceTypes": ["main_frame"]
    }
  },
  {
    "id": 79,
    "priority": 1,
    "action": {
      "type": "block"
    },
    "condition": {
      "urlFilter": "graphic-design-freelance.biz",
      "resourceTypes": ["main_frame"]
    }
  },
  {
    "id": 80,
    "priority": 1,
    "action": {
      "type": "block"
    },
    "condition": {
      "urlFilter": "web-development-remote.info",
      "resourceTypes": ["main_frame"]
    }
  },
  {
    "id": 81,
    "priority": 1,
    "action": {
      "type": "block"
    },
    "condition": {
      "urlFilter": "digital-marketing-intern.net",
      "resourceTypes": ["main_frame"]
    }
  },
  {
    "id": 82,
    "priority": 1,
    "action": {
      "type": "block"
    },
    "condition": {
      "urlFilter": "coding-bootcamp-jobs.com",
      "resourceTypes": ["main_frame"]
    }
  },
  {
    "id": 83,
    "priority": 1,
    "action": {
      "type": "block"
    },
    "condition": {
      "urlFilter": "startup-internship.org",
      "resourceTypes": ["main_frame"]
    }
  },
  {
    "id": 84,
    "priority": 1,
    "action": {
      "type": "block"
    },
    "condition": {
      "urlFilter": "tech-company-hiring.biz",
      "resourceTypes": ["main_frame"]
    }
  },
  {
    "id": 85,
    "priority": 1,
    "action": {
      "type": "block"
    },
    "condition": {
      "urlFilter": "summer-internship-2024.info",
      "resourceTypes": ["main_frame"]
    }
  },
  {
    "id": 86,
    "priority": 1,
    "action": {
      "type": "block"
    },
    "condition": {
      "urlFilter": "paid-internship-program.net",
      "resourceTypes": ["main_frame"]
    }
  },
  {
    "id": 87,
    "priority": 1,
    "action": {
      "type": "block"
    },
    "condition": {
      "urlFilter": "entry-level-positions.com",
      "resourceTypes": ["main_frame"]
    }
  },
  {
    "id": 88,
    "priority": 1,
    "action": {
      "type": "block"
    },
    "condition": {
      "urlFilter": "graduate-recruitment.org",
      "resourceTypes": ["main_frame"]
    }
  },
  {
    "id": 89,
    "priority": 1,
    "action": {
      "type": "block"
    },
    "condition": {
      "urlFilter": "student-job-portal.biz",
      "resourceTypes": ["main_frame"]
    }
  },
  {
    "id": 90,
    "priority": 1,
    "action": {
      "type": "block"
    },
    "condition": {
      "urlFilter": "campus-recruitment.info",
      "resourceTypes": ["main_frame"]
    }
  },
  {
    "id": 91,
    "priority": 1,
    "action": {
      "type": "block"
    },
    "condition": {
      "urlFilter": "job-application-form.net",
      "resourceTypes": ["main_frame"]
    }
  },
  {
    "id": 92,
    "priority": 1,
    "action": {
      "type": "block"
    },
    "condition": {
      "urlFilter": "career-opportunity-alert.com",
      "resourceTypes": ["main_frame"]
    }
  },
  {
    "id": 93,
    "priority": 1,
    "action": {
      "type": "block"
    },
    "condition": {
      "urlFilter": "employment-verification.org",
      "resourceTypes": ["main_frame"]
    }
  },
  {
    "id": 94,
    "priority": 1,
    "action": {
      "type": "block"
    },
    "condition": {
      "urlFilter": "hr-department-hiring.biz",
      "resourceTypes": ["main_frame"]
    }
  },
  {
    "id": 95,
    "priority": 1,
    "action": {
      "type": "block"
    },
    "condition": {
      "urlFilter": "recruitment-agency.info",
      "resourceTypes": ["main_frame"]
    }
  },
  {
    "id": 96,
    "priority": 1,
    "action": {
      "type": "block"
    },
    "condition": {
      "urlFilter": "job-interview-schedule.net",
      "resourceTypes": ["main_frame"]
    }
  },
  {
    "id": 97,
    "priority": 1,
    "action": {
      "type": "block"
    },
    "condition": {
      "urlFilter": "background-check-required.com",
      "resourceTypes": ["main_frame"]
    }
  },
  {
    "id": 98,
    "priority": 1,
    "action": {
      "type": "block"
    },
    "condition": {
      "urlFilter": "salary-negotiation-tips.org",
      "resourceTypes": ["main_frame"]
    }
  },
  {
    "id": 99,
    "priority": 1,
    "action": {
      "type": "block"
    },
    "condition": {
      "urlFilter": "job-offer-letter.biz",
      "resourceTypes": ["main_frame"]
    }
  },
  {
    "id": 100,
    "priority": 1,
    "action": {
      "type": "block"
    },
    "condition": {
      "urlFilter": "employment-contract.info",
      "resourceTypes": ["main_frame"]
    }
  },
  {
    "id": 101,
    "priority": 1,
    "action": {
      "type": "block"
    },
    "condition": {
      "urlFilter": "secureupdateapple.com",
      "resourceTypes": ["main_frame"]
    }
  },
  {
    "id": 102,
    "priority": 1,
    "action": {
      "type": "block"
    },
    "condition": {
      "urlFilter": "appleid-locked.net",
      "resourceTypes": ["main_frame"]
    }
  },
  {
    "id": 103,
    "priority": 1,
    "action": {
      "type": "block"
    },
    "condition": {
      "urlFilter": "paypal-limitation.org",
      "resourceTypes": ["main_frame"]
    }
  },
  {
    "id": 104,
    "priority": 1,
    "action": {
      "type": "block"
    },
    "condition": {
      "urlFilter": "amazon-account-suspended.biz",
      "resourceTypes": ["main_frame"]
    }
  },
  {
    "id": 105,
    "priority": 1,
    "action": {
      "type": "block"
    },
    "condition": {
      "urlFilter": "microsoft-account-verify.info",
      "resourceTypes": ["main_frame"]
    }
  },
  {
    "id": 106,
    "priority": 1,
    "action": {
      "type": "block"
    },
    "condition": {
      "urlFilter": "google-unusual-activity.net",
      "resourceTypes": ["main_frame"]
    }
  },
  {
    "id": 107,
    "priority": 1,
    "action": {
      "type": "block"
    },
    "condition": {
      "urlFilter": "facebook-account-disabled.com",
      "resourceTypes": ["main_frame"]
    }
  },
  {
    "id": 108,
    "priority": 1,
    "action": {
      "type": "block"
    },
    "condition": {
      "urlFilter": "instagram-copyright-violation.org",
      "resourceTypes": ["main_frame"]
    }
  },
  {
    "id": 109,
    "priority": 1,
    "action": {
      "type": "block"
    },
    "condition": {
      "urlFilter": "netflix-billing-problem.biz",
      "resourceTypes": ["main_frame"]
    }
  },
  {
    "id": 110,
    "priority": 1,
    "action": {
      "type": "block"
    },
    "condition": {
      "urlFilter": "spotify-premium-expired.info",
      "resourceTypes": ["main_frame"]
    }
  },
  {
    "id": 111,
    "priority": 1,
    "action": {
      "type": "block"
    },
    "condition": {
      "urlFilter": "whatsapp-verification-required.net",
      "resourceTypes": ["main_frame"]
    }
  },
  {
    "id": 112,
    "priority": 1,
    "action": {
      "type": "block"
    },
    "condition": {
      "urlFilter": "telegram-account-locked.com",
      "resourceTypes": ["main_frame"]
    }
  },
  {
    "id": 113,
    "priority": 1,
    "action": {
      "type": "block"
    },
    "condition": {
      "urlFilter": "discord-nitro-gift.org",
      "resourceTypes": ["main_frame"]
    }
  },
  {
    "id": 114,
    "priority": 1,
    "action": {
      "type": "block"
    },
    "condition": {
      "urlFilter": "steam-free-games.biz",
      "resourceTypes": ["main_frame"]
    }
  },
  {
    "id": 115,
    "priority": 1,
    "action": {
      "type": "block"
    },
    "condition": {
      "urlFilter": "epic-games-store-free.info",
      "resourceTypes": ["main_frame"]
    }
  },
  {
    "id": 116,
    "priority": 1,
    "action": {
      "type": "block"
    },
    "condition": {
      "urlFilter": "coinbase-wallet-compromised.net",
      "resourceTypes": ["main_frame"]
    }
  },
  {
    "id": 117,
    "priority": 1,
    "action": {
      "type": "block"
    },
    "condition": {
      "urlFilter": "binance-kyc-verification.com",
      "resourceTypes": ["main_frame"]
    }
  },
  {
    "id": 118,
    "priority": 1,
    "action": {
      "type": "block"
    },
    "condition": {
      "urlFilter": "blockchain-wallet-recovery.org",
      "resourceTypes": ["main_frame"]
    }
  },
  {
    "id": 119,
    "priority": 1,
    "action": {
      "type": "block"
    },
    "condition": {
      "urlFilter": "metamask-wallet-connect.biz",
      "resourceTypes": ["main_frame"]
    }
  },
  {
    "id": 120,
    "priority": 1,
    "action": {
      "type": "block"
    },
    "condition": {
      "urlFilter": "bitcoin-claim-reward.info",
      "resourceTypes": ["main_frame"]
    }
  },
  {
    "id": 121,
    "priority": 1,
    "action": {
      "type": "block"
    },
    "condition": {
      "urlFilter": "eth-airdrop-claim.net",
      "resourceTypes": ["main_frame"]
    }
  },
  {
    "id": 122,
    "priority": 1,
    "action": {
      "type": "block"
    },
    "condition": {
      "urlFilter": "crypto-doubler-investment.com",
      "resourceTypes": ["main_frame"]
    }
  },
  {
    "id": 123,
    "priority": 1,
    "action": {
      "type": "block"
    },
    "condition": {
      "urlFilter": "irs-tax-refund.org",
      "resourceTypes": ["main_frame"]
    }
  },
  {
    "id": 124,
    "priority": 1,
    "action": {
      "type": "block"
    },
    "condition": {
      "urlFilter": "social-security-suspended.biz",
      "resourceTypes": ["main_frame"]
    }
  },
  {
    "id": 125,
    "priority": 1,
    "action": {
      "type": "block"
    },
    "condition": {
      "urlFilter": "medicare-benefits-update.info",
      "resourceTypes": ["main_frame"]
    }
  },
  {
    "id": 126,
    "priority": 1,
    "action": {
      "type": "block"
    },
    "condition": {
      "urlFilter": "covid-stimulus-payment.net",
      "resourceTypes": ["main_frame"]
    }
  },
  {
    "id": 127,
    "priority": 1,
    "action": {
      "type": "block"
    },
    "condition": {
      "urlFilter": "government-grant-money.com",
      "resourceTypes": ["main_frame"]
    }
  },
  {
    "id": 128,
    "priority": 1,
    "action": {
      "type": "block"
    },
    "condition": {
      "urlFilter": "fbi-virus-warning.org",
      "resourceTypes": ["main_frame"]
    }
  },
  {
    "id": 129,
    "priority": 1,
    "action": {
      "type": "block"
    },
    "condition": {
      "urlFilter": "microsoft-tech-support.biz",
      "resourceTypes": ["main_frame"]
    }
  },
  {
    "id": 130,
    "priority": 1,
    "action": {
      "type": "block"
    },
    "condition": {
      "urlFilter": "windows-defender-alert.info",
      "resourceTypes": ["main_frame"]
    }
  },
  {
    "id": 131,
    "priority": 1,
    "action": {
      "type": "block"
    },
    "condition": {
      "urlFilter": "computer-virus-detected.net",
      "resourceTypes": ["main_frame"]
    }
  },
  {
    "id": 132,
    "priority": 1,
    "action": {
      "type": "block"
    },
    "condition": {
      "urlFilter": "mcafee-subscription-expired.com",
      "resourceTypes": ["main_frame"]
    }
  },
  {
    "id": 133,
    "priority": 1,
    "action": {
      "type": "block"
    },
    "condition": {
      "urlFilter": "norton-renewal-notice.org",
      "resourceTypes": ["main_frame"]
    }
  },
  {
    "id": 134,
    "priority": 1,
    "action": {
      "type": "block"
    },
    "condition": {
      "urlFilter": "antivirus-license-expired.biz",
      "resourceTypes": ["main_frame"]
    }
  },
  {
    "id": 135,
    "priority": 1,
    "action": {
      "type": "block"
    },
    "condition": {
      "urlFilter": "system-update-required.info",
      "resourceTypes": ["main_frame"]
    }
  },
  {
    "id": 136,
    "priority": 1,
    "action": {
      "type": "block"
    },
    "condition": {
      "urlFilter": "flash-player-update.net",
      "resourceTypes": ["main_frame"]
    }
  },
  {
    "id": 137,
    "priority": 1,
    "action": {
      "type": "block"
    },
    "condition": {
      "urlFilter": "java-security-update.com",
      "resourceTypes": ["main_frame"]
    }
  },
  {
    "id": 138,
    "priority": 1,
    "action": {
      "type": "block"
    },
    "condition": {
      "urlFilter": "chrome-extension-update.org",
      "resourceTypes": ["main_frame"]
    }
  },
  {
    "id": 139,
    "priority": 1,
    "action": {
      "type": "block"
    },
    "condition": {
      "urlFilter": "firefox-security-patch.biz",
      "resourceTypes": ["main_frame"]
    }
  },
  {
    "id": 140,
    "priority": 1,
    "action": {
      "type": "block"
    },
    "condition": {
      "urlFilter": "adobe-reader-update.info",
      "resourceTypes": ["main_frame"]
    }
  },
  {
    "id": 141,
    "priority": 1,
    "action": {
      "type": "block"
    },
    "condition": {
      "urlFilter": "video-codec-download.net",
      "resourceTypes": ["main_frame"]
    }
  },
  {
    "id": 142,
    "priority": 1,
    "action": {
      "type": "block"
    },
    "condition": {
      "urlFilter": "dhl-package-delivery.com",
      "resourceTypes": ["main_frame"]
    }
  },
  {
    "id": 143,
    "priority": 1,
    "action": {
      "type": "block"
    },
    "condition": {
      "urlFilter": "fedex-shipment-notice.org",
      "resourceTypes": ["main_frame"]
    }
  },
  {
    "id": 144,
    "priority": 1,
    "action": {
      "type": "block"
    },
    "condition": {
      "urlFilter": "ups-delivery-attempt.biz",
      "resourceTypes": ["main_frame"]
    }
  },
  {
    "id": 145,
    "priority": 1,
    "action": {
      "type": "block"
    },
    "condition": {
      "urlFilter": "usps-package-held.info",
      "resourceTypes": ["main_frame"]
    }
  },
  {
    "id": 146,
    "priority": 1,
    "action": {
      "type": "block"
    },
    "condition": {
      "urlFilter": "amazon-delivery-failed.net",
      "resourceTypes": ["main_frame"]
    }
  },
  {
    "id": 147,
    "priority": 1,
    "action": {
      "type": "block"
    },
    "condition": {
      "urlFilter": "package-customs-fee.com",
      "resourceTypes": ["main_frame"]
    }
  },
  {
    "id": 148,
    "priority": 1,
    "action": {
      "type": "block"
    },
    "condition": {
      "urlFilter": "delivery-address-confirm.org",
      "resourceTypes": ["main_frame"]
    }
  },
  {
    "id": 149,
    "priority": 1,
    "action": {
      "type": "block"
    },
    "condition": {
      "urlFilter": "tracking-notification.biz",
      "resourceTypes": ["main_frame"]
    }
  },
  {
    "id": 150,
    "priority": 1,
    "action": {
      "type": "block"
    },
    "condition": {
      "urlFilter": "shipment-delay-notice.info",
      "resourceTypes": ["main_frame"]
    }
  },
  {
    "id": 151,
    "priority": 1,
    "action": {
      "type": "block"
    },
    "condition": {
      "urlFilter": "covid-vaccine-appointment.net",
      "resourceTypes": ["main_frame"]
    }
  },
  {
    "id": 152,
    "priority": 1,
    "action": {
      "type": "block"
    },
    "condition": {
      "urlFilter": "health-insurance-enrollment.com",
      "resourceTypes": ["main_frame"]
    }
  },
  {
    "id": 153,
    "priority": 1,
    "action": {
      "type": "block"
    },
    "condition": {
      "urlFilter": "prescription-drug-discount.org",
      "resourceTypes": ["main_frame"]
    }
  },
  {
    "id": 154,
    "priority": 1,
    "action": {
      "type": "block"
    },
    "condition": {
      "urlFilter": "medical-test-results.biz",
      "resourceTypes": ["main_frame"]
    }
  },
  {
    "id": 155,
    "priority": 1,
    "action": {
      "type": "block"
    },
    "condition": {
      "urlFilter": "doctor-appointment-reminder.info",
      "resourceTypes": ["main_frame"]
    }
  },
  {
    "id": 156,
    "priority": 1,
    "action": {
      "type": "block"
    },
    "condition": {
      "urlFilter": "pharmacy-refill-notice.net",
      "resourceTypes": ["main_frame"]
    }
  },
  {
    "id": 157,
    "priority": 1,
    "action": {
      "type": "block"
    },
    "condition": {
      "urlFilter": "hospital-billing-update.com",
      "resourceTypes": ["main_frame"]
    }
  },
  {
    "id": 158,
    "priority": 1,
    "action": {
      "type": "block"
    },
    "condition": {
      "urlFilter": "online-pharmacy-cheap.org",
      "resourceTypes": ["main_frame"]
    }
  },
  {
    "id": 159,
    "priority": 1,
    "action": {
      "type": "block"
    },
    "condition": {
      "urlFilter": "weight-loss-miracle.biz",
      "resourceTypes": ["main_frame"]
    }
  },
  {
    "id": 160,
    "priority": 1,
    "action": {
      "type": "block"
    },
    "condition": {
      "urlFilter": "male-enhancement-pills.info",
      "resourceTypes": ["main_frame"]
    }
  },
  {
    "id": 161,
    "priority": 1,
    "action": {
      "type": "block"
    },
    "condition": {
      "urlFilter": "dating-site-matches.net",
      "resourceTypes": ["main_frame"]
    }
  },
  {
    "id": 162,
    "priority": 1,
    "action": {
      "type": "block"
    },
    "condition": {
      "urlFilter": "lonely-women-nearby.com",
      "resourceTypes": ["main_frame"]
    }
  },
  {
    "id": 163,
    "priority": 1,
    "action": {
      "type": "block"
    },
    "condition": {
      "urlFilter": "adult-webcam-chat.org",
      "resourceTypes": ["main_frame"]
    }
  },
  {
    "id": 164,
    "priority": 1,
    "action": {
      "type": "block"
    },
    "condition": {
      "urlFilter": "romance-scam-profile.biz",
      "resourceTypes": ["main_frame"]
    }
  },
  {
    "id": 165,
    "priority": 1,
    "action": {
      "type": "block"
    },
    "condition": {
      "urlFilter": "fake-dating-verification.info",
      "resourceTypes": ["main_frame"]
    }
  },
  {
    "id": 166,
    "priority": 1,
    "action": {
      "type": "block"
    },
    "condition": {
      "urlFilter": "lottery-winner-notification.net",
      "resourceTypes": ["main_frame"]
    }
  },
  {
    "id": 167,
    "priority": 1,
    "action": {
      "type": "block"
    },
    "condition": {
      "urlFilter": "sweepstakes-prize-claim.com",
      "resourceTypes": ["main_frame"]
    }
  },
  {
    "id": 168,
    "priority": 1,
    "action": {
      "type": "block"
    },
    "condition": {
      "urlFilter": "casino-bonus-claim.org",
      "resourceTypes": ["main_frame"]
    }
  },
  {
    "id": 169,
    "priority": 1,
    "action": {
      "type": "block"
    },
    "condition": {
      "urlFilter": "gambling-sure-win.biz",
      "resourceTypes": ["main_frame"]
    }
  },
  {
    "id": 170,
    "priority": 1,
    "action": {
      "type": "block"
    },
    "condition": {
      "urlFilter": "sports-betting-tips.info",
      "resourceTypes": ["main_frame"]
    }
  },
  {
    "id": 171,
    "priority": 1,
    "action": {
      "type": "block"
    },
    "condition": {
      "urlFilter": "get-rich-quick-scheme.net",
      "resourceTypes": ["main_frame"]
    }
  },
  {
    "id": 172,
    "priority": 1,
    "action": {
      "type": "block"
    },
    "condition": {
      "urlFilter": "investment-guaranteed-return.com",
      "resourceTypes": ["main_frame"]
    }
  },
  {
    "id": 173,
    "priority": 1,
    "action": {
      "type": "block"
    },
    "condition": {
      "urlFilter": "pyramid-scheme-mlm.org",
      "resourceTypes": ["main_frame"]
    }
  },
  {
    "id": 174,
    "priority": 1,
    "action": {
      "type": "block"
    },
    "condition": {
      "urlFilter": "make-money-at-home.biz",
      "resourceTypes": ["main_frame"]
    }
  },
  {
    "id": 175,
    "priority": 1,
    "action": {
      "type": "block"
    },
    "condition": {
      "urlFilter": "passive-income-system.info",
      "resourceTypes": ["main_frame"]
    }
  },
  {
    "id": 176,
    "priority": 1,
    "action": {
      "type": "block"
    },
    "condition": {
      "urlFilter": "forex-trading-robot.net",
      "resourceTypes": ["main_frame"]
    }
  },
  {
    "id": 177,
    "priority": 1,
    "action": {
      "type": "block"
    },
    "condition": {
      "urlFilter": "binary-options-signals.com",
      "resourceTypes": ["main_frame"]
    }
  },
  {
    "id": 178,
    "priority": 1,
    "action": {
      "type": "block"
    },
    "condition": {
      "urlFilter": "stock-market-insider.org",
      "resourceTypes": ["main_frame"]
    }
  },
  {
    "id": 179,
    "priority": 1,
    "action": {
      "type": "block"
    },
    "condition": {
      "urlFilter": "penny-stocks-alert.biz",
      "resourceTypes": ["main_frame"]
    }
  },
  {
    "id": 180,
    "priority": 1,
    "action": {
      "type": "block"
    },
    "condition": {
      "urlFilter": "real-estate-flip.info",
      "resourceTypes": ["main_frame"]
    }
  },
  {
    "id": 181,
    "priority": 1,
    "action": {
      "type": "block"
    },
    "condition": {
      "urlFilter": "www.systemtron.in",
      "resourceTypes": ["main_frame"]
    }
  },
  {
    "id": 182,
    "priority": 1,
    "action": {
      "type": "block"
    },
    "condition": {
      "urlFilter": "systemtron.in",
      "resourceTypes": ["main_frame"]
    }
  },
  {
    "id": 183,
    "priority": 1,
    "action": {
      "type": "block"
    },
    "condition": {
      "urlFilter": "codsoft.in",
      "resourceTypes": ["main_frame"]
    }
  },
  {
    "id": 184,
    "priority": 1,
    "action": {
      "type": "block"
    },
    "condition": {
      "urlFilter": "oasisinfobyte.com",
      "resourceTypes": ["main_frame"]
    }
  },
  {
    "id": 185,
    "priority": 1,
    "action": {
      "type": "block"
    },
    "condition": {
      "urlFilter": "bharatintern.live",
      "resourceTypes": ["main_frame"]
    }
  },
  {
    "id": 186,
    "priority": 1,
    "action": {
      "type": "block"
    },
    "condition": {
      "urlFilter": "internpe.in",
      "resourceTypes": ["main_frame"]
    }
  },
  {
    "id": 187,
    "priority": 1,
    "action": {
      "type": "block"
    },
    "condition": {
      "urlFilter": "letsintern.in",
      "resourceTypes": ["main_frame"]
    }
  },
  {
    "id": 188,
    "priority": 1,
    "action": {
      "type": "block"
    },
    "condition": {
      "urlFilter": "vaultofcodes.com",
      "resourceTypes": ["main_frame"]
    }
  },
  {
    "id": 189,
    "priority": 1,
    "action": {
      "type": "block"
    },
    "condition": {
      "urlFilter": "theinternbuddy.com",
      "resourceTypes": ["main_frame"]
    }
  },
  {
    "id": 190,
    "priority": 1,
    "action": {
      "type": "block"
    },
    "condition": {
      "urlFilter": "edusera.org",
      "resourceTypes": ["main_frame"]
    }
  },
  {
    "id": 191,
    "priority": 1,
    "action": {
      "type": "block"
    },
    "condition": {
      "urlFilter": "sparkfoundation.org",
      "resourceTypes": ["main_frame"]
    }
  },
  {
    "id": 192,
    "priority": 1,
    "action": {
      "type": "block"
    },
    "condition": {
      "urlFilter": "synapseinterns.com",
      "resourceTypes": ["main_frame"]
    }
  },
  {
    "id": 193,
    "priority": 1,
    "action": {
      "type": "block"
    },
    "condition": {
      "urlFilter": "coderscave.com",
      "resourceTypes": ["main_frame"]
    }
  },
  {
    "id": 194,
    "priority": 1,
    "action": {
      "type": "block"
    },
    "condition": {
      "urlFilter": "intrainternship.tech",
      "resourceTypes": ["main_frame"]
    }
  },
  {
    "id": 195,
    "priority": 1,
    "action": {
      "type": "block"
    },
    "condition": {
      "urlFilter": "futureinternship.in",
      "resourceTypes": ["main_frame"]
    }
  },
  {
    "id": 196,
    "priority": 1,
    "action": {
      "type": "block"
    },
    "condition": {
      "urlFilter": "virtualintern.in",
      "resourceTypes": ["main_frame"]
    }
  },
  {
    "id": 197,
    "priority": 1,
    "action": {
      "type": "block"
    },
    "condition": {
      "urlFilter": "youthopp.in",
      "resourceTypes": ["main_frame"]
    }
  },
  {
    "id": 198,
    "priority": 1,
    "action": {
      "type": "block"
    },
    "condition": {
      "urlFilter": "careerbuddy.online",
      "resourceTypes": ["main_frame"]
    }
  },
  {
    "id": 199,
    "priority": 1,
    "action": {
      "type": "block"
    },
    "condition": {
      "urlFilter": "trainwithcode.in",
      "resourceTypes": ["main_frame"]
    }
  },
  {
    "id": 200,
    "priority": 1,
    "action": {
      "type": "block"
    },
    "condition": {
      "urlFilter": "prodigyinfotech.dev",
      "resourceTypes": ["main_frame"]
    }
  },
  {
    "id": 201,
    "priority": 1,
    "action": {
      "type": "block"
    },
    "condition": {
      "urlFilter": "cognifyz.com",
      "resourceTypes": ["main_frame"]
    }
  },
  {
    "id": 202,
    "priority": 1,
    "action": {
      "type": "block"
    },
    "condition": {
      "urlFilter": "infyinternshiphub.com",
      "resourceTypes": ["main_frame"]
    }
  },
  {
    "id": 203,
    "priority": 1,
    "action": {
      "type": "block"
    },
    "condition": {
      "urlFilter": "codealpha.tech",
      "resourceTypes": ["main_frame"]
    }
  },
  {
    "id": 204,
    "priority": 1,
    "action": {
      "type": "block"
    },
    "condition": {
      "urlFilter": "mainflow.in",
      "resourceTypes": ["main_frame"]
    }
  },
  {
    "id": 205,
    "priority": 1,
    "action": {
      "type": "block"
    },
    "condition": {
      "urlFilter": "interncareerhub.com",
      "resourceTypes": ["main_frame"]
    }
  },
  {
    "id": 206,
    "priority": 1,
    "action": {
      "type": "block"
    },
    "condition": {
      "urlFilter": "skillslash.com",
      "resourceTypes": ["main_frame"]
    }
  },
  {
    "id": 207,
    "priority": 1,
    "action": {
      "type": "block"
    },
    "condition": {
      "urlFilter": "interncareerpath.tech",
      "resourceTypes": ["main_frame"]
    }
  },
  {
    "id": 208,
    "priority": 1,
    "action": {
      "type": "block"
    },
    "condition": {
      "urlFilter": "codersdata.in",
      "resourceTypes": ["main_frame"]
    }
  },
  {
    "id": 209,
    "priority": 1,
    "action": {
      "type": "block"
    },
    "condition": {
      "urlFilter": "skillvertex.com",
      "resourceTypes": ["main_frame"]
    }
  },
  {
    "id": 210,
    "priority": 1,
    "action": {
      "type": "block"
    },
    "condition": {
      "urlFilter": "edulyt.in",
      "resourceTypes": ["main_frame"]
    }
  },
  {
    "id": 211,
    "priority": 1,
    "action": {
      "type": "block"
    },
    "condition": {
      "urlFilter": "upskillintern.in",
      "resourceTypes": ["main_frame"]
    }
  },
  {
    "id": 212,
    "priority": 1,
    "action": {
      "type": "block"
    },
    "condition": {
      "urlFilter": "codeclause.com",
      "resourceTypes": ["main_frame"]
    }
  },
  {
    "id": 213,
    "priority": 1,
    "action": {
      "type": "block"
    },
    "condition": {
      "urlFilter": "technohacks.in",
      "resourceTypes": ["main_frame"]
    }
  },
  {
    "id": 214,
    "priority": 1,
    "action": {
      "type": "block"
    },
    "condition": {
      "urlFilter": "thecodex.in",
      "resourceTypes": ["main_frame"]
    }
  },
  {
    "id": 215,
    "priority": 1,
    "action": {
      "type": "block"
    },
    "condition": {
      "urlFilter": "internwiz.in",
      "resourceTypes": ["main_frame"]
    }
  },
  {
    "id": 216,
    "priority": 1,
    "action": {
      "type": "block"
    },
    "condition": {
      "urlFilter": "techpile.in",
      "resourceTypes": ["main_frame"]
    }
  },
  {
    "id": 217,
    "priority": 1,
    "action": {
      "type": "block"
    },
    "condition": {
      "urlFilter": "intrainfotech.in",
      "resourceTypes": ["main_frame"]
    }
  },
  {
    "id": 218,
    "priority": 1,
    "action": {
      "type": "block"
    },
    "condition": {
      "urlFilter": "sparkedtech.in",
      "resourceTypes": ["main_frame"]
    }
  },
  {
    "id": 219,
    "priority": 1,
    "action": {
      "type": "block"
    },
    "condition": {
      "urlFilter": "codex.in",
      "resourceTypes": ["main_frame"]
    }
  },
  {
    "id": 220,
    "priority": 1,
    "action": {
      "type": "block"
    },
    "condition": {
      "urlFilter": "techfiesta.in",
      "resourceTypes": ["main_frame"]
    }
  },
  {
    "id": 221,
    "priority": 1,
    "action": {
      "type": "block"
    },
    "condition": {
      "urlFilter": "brainwaveinterns.com",
      "resourceTypes": ["main_frame"]
    }
  },
  {
    "id": 222,
    "priority": 1,
    "action": {
      "type": "block"
    },
    "condition": {
      "urlFilter": "growwithcode.in",
      "resourceTypes": ["main_frame"]
    }
  },
  {
    "id": 223,
    "priority": 1,
    "action": {
      "type": "block"
    },
    "condition": {
      "urlFilter": "skillforge.in",
      "resourceTypes": ["main_frame"]
    }
  },
  {
    "id": 224,
    "priority": 1,
    "action": {
      "type": "block"
    },
    "condition": {
      "urlFilter": "virtualjobhub.in",
      "resourceTypes": ["main_frame"]
    }
  },
  {
    "id": 225,
    "priority": 1,
    "action": {
      "type": "block"
    },
    "condition": {
      "urlFilter": "infycareerhub.in",
      "resourceTypes": ["main_frame"]
    }
  },
  {
    "id": 226,
    "priority": 1,
    "action": {
      "type": "block"
    },
    "condition": {
      "urlFilter": "genztech.in",
      "resourceTypes": ["main_frame"]
    }
  },
  {
    "id": 227,
    "priority": 1,
    "action": {
      "type": "block"
    },
    "condition": {
      "urlFilter": "alphaintern.in",
      "resourceTypes": ["main_frame"]
    }
  },
  {
    "id": 228,
    "priority": 1,
    "action": {
      "type": "block"
    },
    "condition": {
      "urlFilter": "careerboosters.in",
      "resourceTypes": ["main_frame"]
    }
  },
  {
    "id": 229,
    "priority": 1,
    "action": {
      "type": "block"
    },
    "condition": {
      "urlFilter": "quickinterns.in",
      "resourceTypes": ["main_frame"]
    }
  },
  {
    "id": 230,
    "priority": 1,
    "action": {
      "type": "block"
    },
    "condition": {
      "urlFilter": "techskillhub.in",
      "resourceTypes": ["main_frame"]
    }
  },
  {
    "id": 231,
    "priority": 1,
    "action": {
      "type": "block"
    },
    "condition": {
      "urlFilter": "skillquest.in",
      "resourceTypes": ["main_frame"]
    }
  }
]
